{
    "5b00c9bc-05de-46d3-80b3-8ea8a5d06542": {
        "id": "5b00c9bc-05de-46d3-80b3-8ea8a5d06542",
        "name": "Google Search",
        "keyword": "g",
        "cmd": "https://google.com/search?q=%s",
        "icon": "/usr/share/ulauncher/media/google-search-icon.png",
        "is_default_search": true,
        "run_without_argument": false,
        "added": 1637232805.703189
    },
    "452abc03-5830-4c4f-8b1b-f99cd4f50db0": {
        "id": "452abc03-5830-4c4f-8b1b-f99cd4f50db0",
        "name": "Stack Overflow",
        "keyword": "so",
        "cmd": "https://stackoverflow.com/search?q=%s",
        "icon": "/usr/share/ulauncher/media/stackoverflow-icon.svg",
        "is_default_search": true,
        "run_without_argument": false,
        "added": 1637232805.703266
    },
    "c9d56194-8cd3-47c2-8d33-04e35f2e77d8": {
        "id": "c9d56194-8cd3-47c2-8d33-04e35f2e77d8",
        "name": "Wikipedia",
        "keyword": "wiki",
        "cmd": "https://en.wikipedia.org/wiki/%s",
        "icon": "/usr/share/ulauncher/media/wikipedia-icon.png",
        "is_default_search": true,
        "run_without_argument": false,
        "added": 1637232805.703316
    }
}